Sectores de actividad CNAE 2009;Componentes del coste;Periodo;Total
B_S Industria, construcción y servicios (excepto actividades de los hogares como empleadores y de organizaciones y organismos extraterritoriales);Coste laboral total por hora;2024T4;25,63
B_S Industria, construcción y servicios (excepto actividades de los hogares como empleadores y de organizaciones y organismos extraterritoriales);Coste laboral total por hora;2024T3;25,08
B_S Industria, construcción y servicios (excepto actividades de los hogares como empleadores y de organizaciones y organismos extraterritoriales);Coste laboral total por hora;2024T2;23,68
B_S Industria, construcción y servicios (excepto actividades de los hogares como empleadores y de organizaciones y organismos extraterritoriales);Coste laboral total por hora;2024T1;23,1
B_S Industria, construcción y servicios (excepto actividades de los hogares como empleadores y de organizaciones y organismos extraterritoriales);Coste laboral total por hora;2023T4;24,98
B_S Industria, construcción y servicios (excepto actividades de los hogares como empleadores y de organizaciones y organismos extraterritoriales);Coste laboral total por hora;2023T3;23,8
B_S Industria, construcción y servicios (excepto actividades de los hogares como empleadores y de organizaciones y organismos extraterritoriales);Coste laboral total por hora;2023T2;23,22
B_S Industria, construcción y servicios (excepto actividades de los hogares como empleadores y de organizaciones y organismos extraterritoriales);Coste laboral total por hora;2023T1;21,51
B_S Industria, construcción y servicios (excepto actividades de los hogares como empleadores y de organizaciones y organismos extraterritoriales);Coste laboral total por hora;2022T4;23,55
B_S Industria, construcción y servicios (excepto actividades de los hogares como empleadores y de organizaciones y organismos extraterritoriales);Coste laboral total por hora;2022T3;22,55
B_S Industria, construcción y servicios (excepto actividades de los hogares como empleadores y de organizaciones y organismos extraterritoriales);Coste laboral total por hora;2022T2;21,8
B_S Industria, construcción y servicios (excepto actividades de los hogares como empleadores y de organizaciones y organismos extraterritoriales);Coste laboral total por hora;2022T1;20,64
B_S Industria, construcción y servicios (excepto actividades de los hogares como empleadores y de organizaciones y organismos extraterritoriales);Coste laboral total por hora;2021T4;22,72
B_S Industria, construcción y servicios (excepto actividades de los hogares como empleadores y de organizaciones y organismos extraterritoriales);Coste laboral total por hora;2021T3;21,89
B_S Industria, construcción y servicios (excepto actividades de los hogares como empleadores y de organizaciones y organismos extraterritoriales);Coste laboral total por hora;2021T2;21,68
B_S Industria, construcción y servicios (excepto actividades de los hogares como empleadores y de organizaciones y organismos extraterritoriales);Coste laboral total por hora;2021T1;20,63
B_S Industria, construcción y servicios (excepto actividades de los hogares como empleadores y de organizaciones y organismos extraterritoriales);Coste laboral total por hora;2020T4;22,66
B_S Industria, construcción y servicios (excepto actividades de los hogares como empleadores y de organizaciones y organismos extraterritoriales);Coste laboral total por hora;2020T3;21,95
B_S Industria, construcción y servicios (excepto actividades de los hogares como empleadores y de organizaciones y organismos extraterritoriales);Coste laboral total por hora;2020T2;22,86
B_S Industria, construcción y servicios (excepto actividades de los hogares como empleadores y de organizaciones y organismos extraterritoriales);Coste laboral total por hora;2020T1;19,93
B_S Industria, construcción y servicios (excepto actividades de los hogares como empleadores y de organizaciones y organismos extraterritoriales);Coste laboral total por hora;2019T4;21,56
B_S Industria, construcción y servicios (excepto actividades de los hogares como empleadores y de organizaciones y organismos extraterritoriales);Coste laboral total por hora;2019T3;21,11
B_S Industria, construcción y servicios (excepto actividades de los hogares como empleadores y de organizaciones y organismos extraterritoriales);Coste laboral total por hora;2019T2;20,43
B_S Industria, construcción y servicios (excepto actividades de los hogares como empleadores y de organizaciones y organismos extraterritoriales);Coste laboral total por hora;2019T1;19,01
B_S Industria, construcción y servicios (excepto actividades de los hogares como empleadores y de organizaciones y organismos extraterritoriales);Coste laboral total por hora;2018T4;21,14
B_S Industria, construcción y servicios (excepto actividades de los hogares como empleadores y de organizaciones y organismos extraterritoriales);Coste laboral total por hora;2018T3;20,62
B_S Industria, construcción y servicios (excepto actividades de los hogares como empleadores y de organizaciones y organismos extraterritoriales);Coste laboral total por hora;2018T2;19,29
B_S Industria, construcción y servicios (excepto actividades de los hogares como empleadores y de organizaciones y organismos extraterritoriales);Coste laboral total por hora;2018T1;19,01
B_S Industria, construcción y servicios (excepto actividades de los hogares como empleadores y de organizaciones y organismos extraterritoriales);Coste laboral total por hora;2017T4;21,04
B_S Industria, construcción y servicios (excepto actividades de los hogares como empleadores y de organizaciones y organismos extraterritoriales);Coste laboral total por hora;2017T3;20,11
B_S Industria, construcción y servicios (excepto actividades de los hogares como empleadores y de organizaciones y organismos extraterritoriales);Coste laboral total por hora;2017T2;19,67
B_S Industria, construcción y servicios (excepto actividades de los hogares como empleadores y de organizaciones y organismos extraterritoriales);Coste laboral total por hora;2017T1;18,32
B_S Industria, construcción y servicios (excepto actividades de los hogares como empleadores y de organizaciones y organismos extraterritoriales);Coste laboral total por hora;2016T4;20,79
B_S Industria, construcción y servicios (excepto actividades de los hogares como empleadores y de organizaciones y organismos extraterritoriales);Coste laboral total por hora;2016T3;20,19
B_S Industria, construcción y servicios (excepto actividades de los hogares como empleadores y de organizaciones y organismos extraterritoriales);Coste laboral total por hora;2016T2;18,95
B_S Industria, construcción y servicios (excepto actividades de los hogares como empleadores y de organizaciones y organismos extraterritoriales);Coste laboral total por hora;2016T1;19,14
B_S Industria, construcción y servicios (excepto actividades de los hogares como empleadores y de organizaciones y organismos extraterritoriales);Coste laboral total por hora;2015T4;20,66
B_S Industria, construcción y servicios (excepto actividades de los hogares como empleadores y de organizaciones y organismos extraterritoriales);Coste laboral total por hora;2015T3;20,19
B_S Industria, construcción y servicios (excepto actividades de los hogares como empleadores y de organizaciones y organismos extraterritoriales);Coste laboral total por hora;2015T2;19,71
B_S Industria, construcción y servicios (excepto actividades de los hogares como empleadores y de organizaciones y organismos extraterritoriales);Coste laboral total por hora;2015T1;18,56
B_S Industria, construcción y servicios (excepto actividades de los hogares como empleadores y de organizaciones y organismos extraterritoriales);Coste laboral total por hora;2014T4;20,34
B_S Industria, construcción y servicios (excepto actividades de los hogares como empleadores y de organizaciones y organismos extraterritoriales);Coste laboral total por hora;2014T3;20,28
B_S Industria, construcción y servicios (excepto actividades de los hogares como empleadores y de organizaciones y organismos extraterritoriales);Coste laboral total por hora;2014T2;19,67
B_S Industria, construcción y servicios (excepto actividades de los hogares como empleadores y de organizaciones y organismos extraterritoriales);Coste laboral total por hora;2014T1;18,34
B_S Industria, construcción y servicios (excepto actividades de los hogares como empleadores y de organizaciones y organismos extraterritoriales);Coste laboral total por hora;2013T4;20,58
B_S Industria, construcción y servicios (excepto actividades de los hogares como empleadores y de organizaciones y organismos extraterritoriales);Coste laboral total por hora;2013T3;20,3
B_S Industria, construcción y servicios (excepto actividades de los hogares como empleadores y de organizaciones y organismos extraterritoriales);Coste laboral total por hora;2013T2;19
B_S Industria, construcción y servicios (excepto actividades de los hogares como empleadores y de organizaciones y organismos extraterritoriales);Coste laboral total por hora;2013T1;18,68
B_S Industria, construcción y servicios (excepto actividades de los hogares como empleadores y de organizaciones y organismos extraterritoriales);Coste laboral total por hora;2012T4;20,22
B_S Industria, construcción y servicios (excepto actividades de los hogares como empleadores y de organizaciones y organismos extraterritoriales);Coste laboral total por hora;2012T3;20,2
B_S Industria, construcción y servicios (excepto actividades de los hogares como empleadores y de organizaciones y organismos extraterritoriales);Coste laboral total por hora;2012T2;19,47
B_S Industria, construcción y servicios (excepto actividades de los hogares como empleadores y de organizaciones y organismos extraterritoriales);Coste laboral total por hora;2012T1;18,29
B_S Industria, construcción y servicios (excepto actividades de los hogares como empleadores y de organizaciones y organismos extraterritoriales);Coste laboral total por hora;2011T4;20,68
B_S Industria, construcción y servicios (excepto actividades de los hogares como empleadores y de organizaciones y organismos extraterritoriales);Coste laboral total por hora;2011T3;20,2
B_S Industria, construcción y servicios (excepto actividades de los hogares como empleadores y de organizaciones y organismos extraterritoriales);Coste laboral total por hora;2011T2;19,34
B_S Industria, construcción y servicios (excepto actividades de los hogares como empleadores y de organizaciones y organismos extraterritoriales);Coste laboral total por hora;2011T1;18,03
B_S Industria, construcción y servicios (excepto actividades de los hogares como empleadores y de organizaciones y organismos extraterritoriales);Coste laboral total por hora;2010T4;20,18
B_S Industria, construcción y servicios (excepto actividades de los hogares como empleadores y de organizaciones y organismos extraterritoriales);Coste laboral total por hora;2010T3;19,28
B_S Industria, construcción y servicios (excepto actividades de los hogares como empleadores y de organizaciones y organismos extraterritoriales);Coste laboral total por hora;2010T2;19,05
B_S Industria, construcción y servicios (excepto actividades de los hogares como empleadores y de organizaciones y organismos extraterritoriales);Coste laboral total por hora;2010T1;18,03
B_S Industria, construcción y servicios (excepto actividades de los hogares como empleadores y de organizaciones y organismos extraterritoriales);Coste laboral total por hora;2009T4;19,96
B_S Industria, construcción y servicios (excepto actividades de los hogares como empleadores y de organizaciones y organismos extraterritoriales);Coste laboral total por hora;2009T3;19,55
B_S Industria, construcción y servicios (excepto actividades de los hogares como empleadores y de organizaciones y organismos extraterritoriales);Coste laboral total por hora;2009T2;18,9
B_S Industria, construcción y servicios (excepto actividades de los hogares como empleadores y de organizaciones y organismos extraterritoriales);Coste laboral total por hora;2009T1;17,66
B_S Industria, construcción y servicios (excepto actividades de los hogares como empleadores y de organizaciones y organismos extraterritoriales);Coste laboral total por hora;2008T4;19
B_S Industria, construcción y servicios (excepto actividades de los hogares como empleadores y de organizaciones y organismos extraterritoriales);Coste laboral total por hora;2008T3;18,77
B_S Industria, construcción y servicios (excepto actividades de los hogares como empleadores y de organizaciones y organismos extraterritoriales);Coste laboral total por hora;2008T2;17,24
B_S Industria, construcción y servicios (excepto actividades de los hogares como empleadores y de organizaciones y organismos extraterritoriales);Coste laboral total por hora;2008T1;17,03
B_S Industria, construcción y servicios (excepto actividades de los hogares como empleadores y de organizaciones y organismos extraterritoriales);Coste salarial total por hora;2024T4;19,21
B_S Industria, construcción y servicios (excepto actividades de los hogares como empleadores y de organizaciones y organismos extraterritoriales);Coste salarial total por hora;2024T3;18,31
B_S Industria, construcción y servicios (excepto actividades de los hogares como empleadores y de organizaciones y organismos extraterritoriales);Coste salarial total por hora;2024T2;17,63
B_S Industria, construcción y servicios (excepto actividades de los hogares como empleadores y de organizaciones y organismos extraterritoriales);Coste salarial total por hora;2024T1;16,93
B_S Industria, construcción y servicios (excepto actividades de los hogares como empleadores y de organizaciones y organismos extraterritoriales);Coste salarial total por hora;2023T4;18,74
B_S Industria, construcción y servicios (excepto actividades de los hogares como empleadores y de organizaciones y organismos extraterritoriales);Coste salarial total por hora;2023T3;17,42
B_S Industria, construcción y servicios (excepto actividades de los hogares como empleadores y de organizaciones y organismos extraterritoriales);Coste salarial total por hora;2023T2;17,3
B_S Industria, construcción y servicios (excepto actividades de los hogares como empleadores y de organizaciones y organismos extraterritoriales);Coste salarial total por hora;2023T1;15,79
B_S Industria, construcción y servicios (excepto actividades de los hogares como empleadores y de organizaciones y organismos extraterritoriales);Coste salarial total por hora;2022T4;17,83
B_S Industria, construcción y servicios (excepto actividades de los hogares como empleadores y de organizaciones y organismos extraterritoriales);Coste salarial total por hora;2022T3;16,63
B_S Industria, construcción y servicios (excepto actividades de los hogares como empleadores y de organizaciones y organismos extraterritoriales);Coste salarial total por hora;2022T2;16,35
B_S Industria, construcción y servicios (excepto actividades de los hogares como empleadores y de organizaciones y organismos extraterritoriales);Coste salarial total por hora;2022T1;15,17
B_S Industria, construcción y servicios (excepto actividades de los hogares como empleadores y de organizaciones y organismos extraterritoriales);Coste salarial total por hora;2021T4;17,12
B_S Industria, construcción y servicios (excepto actividades de los hogares como empleadores y de organizaciones y organismos extraterritoriales);Coste salarial total por hora;2021T3;16,13
B_S Industria, construcción y servicios (excepto actividades de los hogares como empleadores y de organizaciones y organismos extraterritoriales);Coste salarial total por hora;2021T2;16,18
B_S Industria, construcción y servicios (excepto actividades de los hogares como empleadores y de organizaciones y organismos extraterritoriales);Coste salarial total por hora;2021T1;15,11
B_S Industria, construcción y servicios (excepto actividades de los hogares como empleadores y de organizaciones y organismos extraterritoriales);Coste salarial total por hora;2020T4;16,97
B_S Industria, construcción y servicios (excepto actividades de los hogares como empleadores y de organizaciones y organismos extraterritoriales);Coste salarial total por hora;2020T3;16,16
B_S Industria, construcción y servicios (excepto actividades de los hogares como empleadores y de organizaciones y organismos extraterritoriales);Coste salarial total por hora;2020T2;16,88
B_S Industria, construcción y servicios (excepto actividades de los hogares como empleadores y de organizaciones y organismos extraterritoriales);Coste salarial total por hora;2020T1;14,65
B_S Industria, construcción y servicios (excepto actividades de los hogares como empleadores y de organizaciones y organismos extraterritoriales);Coste salarial total por hora;2019T4;16,24
B_S Industria, construcción y servicios (excepto actividades de los hogares como empleadores y de organizaciones y organismos extraterritoriales);Coste salarial total por hora;2019T3;15,52
B_S Industria, construcción y servicios (excepto actividades de los hogares como empleadores y de organizaciones y organismos extraterritoriales);Coste salarial total por hora;2019T2;15,27
B_S Industria, construcción y servicios (excepto actividades de los hogares como empleadores y de organizaciones y organismos extraterritoriales);Coste salarial total por hora;2019T1;13,99
B_S Industria, construcción y servicios (excepto actividades de los hogares como empleadores y de organizaciones y organismos extraterritoriales);Coste salarial total por hora;2018T4;16,01
B_S Industria, construcción y servicios (excepto actividades de los hogares como empleadores y de organizaciones y organismos extraterritoriales);Coste salarial total por hora;2018T3;15,2
B_S Industria, construcción y servicios (excepto actividades de los hogares como empleadores y de organizaciones y organismos extraterritoriales);Coste salarial total por hora;2018T2;14,47
B_S Industria, construcción y servicios (excepto actividades de los hogares como empleadores y de organizaciones y organismos extraterritoriales);Coste salarial total por hora;2018T1;14,04
B_S Industria, construcción y servicios (excepto actividades de los hogares como empleadores y de organizaciones y organismos extraterritoriales);Coste salarial total por hora;2017T4;15,93
B_S Industria, construcción y servicios (excepto actividades de los hogares como empleadores y de organizaciones y organismos extraterritoriales);Coste salarial total por hora;2017T3;14,83
B_S Industria, construcción y servicios (excepto actividades de los hogares como empleadores y de organizaciones y organismos extraterritoriales);Coste salarial total por hora;2017T2;14,78
B_S Industria, construcción y servicios (excepto actividades de los hogares como empleadores y de organizaciones y organismos extraterritoriales);Coste salarial total por hora;2017T1;13,5
B_S Industria, construcción y servicios (excepto actividades de los hogares como empleadores y de organizaciones y organismos extraterritoriales);Coste salarial total por hora;2016T4;15,78
B_S Industria, construcción y servicios (excepto actividades de los hogares como empleadores y de organizaciones y organismos extraterritoriales);Coste salarial total por hora;2016T3;14,9
B_S Industria, construcción y servicios (excepto actividades de los hogares como empleadores y de organizaciones y organismos extraterritoriales);Coste salarial total por hora;2016T2;14,22
B_S Industria, construcción y servicios (excepto actividades de los hogares como empleadores y de organizaciones y organismos extraterritoriales);Coste salarial total por hora;2016T1;14,13
B_S Industria, construcción y servicios (excepto actividades de los hogares como empleadores y de organizaciones y organismos extraterritoriales);Coste salarial total por hora;2015T4;15,67
B_S Industria, construcción y servicios (excepto actividades de los hogares como empleadores y de organizaciones y organismos extraterritoriales);Coste salarial total por hora;2015T3;14,87
B_S Industria, construcción y servicios (excepto actividades de los hogares como empleadores y de organizaciones y organismos extraterritoriales);Coste salarial total por hora;2015T2;14,77
B_S Industria, construcción y servicios (excepto actividades de los hogares como empleadores y de organizaciones y organismos extraterritoriales);Coste salarial total por hora;2015T1;13,67
B_S Industria, construcción y servicios (excepto actividades de los hogares como empleadores y de organizaciones y organismos extraterritoriales);Coste salarial total por hora;2014T4;15,35
B_S Industria, construcción y servicios (excepto actividades de los hogares como empleadores y de organizaciones y organismos extraterritoriales);Coste salarial total por hora;2014T3;14,9
B_S Industria, construcción y servicios (excepto actividades de los hogares como empleadores y de organizaciones y organismos extraterritoriales);Coste salarial total por hora;2014T2;14,71
B_S Industria, construcción y servicios (excepto actividades de los hogares como empleadores y de organizaciones y organismos extraterritoriales);Coste salarial total por hora;2014T1;13,39
B_S Industria, construcción y servicios (excepto actividades de los hogares como empleadores y de organizaciones y organismos extraterritoriales);Coste salarial total por hora;2013T4;15,48
B_S Industria, construcción y servicios (excepto actividades de los hogares como empleadores y de organizaciones y organismos extraterritoriales);Coste salarial total por hora;2013T3;14,86
B_S Industria, construcción y servicios (excepto actividades de los hogares como empleadores y de organizaciones y organismos extraterritoriales);Coste salarial total por hora;2013T2;14,19
B_S Industria, construcción y servicios (excepto actividades de los hogares como empleadores y de organizaciones y organismos extraterritoriales);Coste salarial total por hora;2013T1;13,63
B_S Industria, construcción y servicios (excepto actividades de los hogares como empleadores y de organizaciones y organismos extraterritoriales);Coste salarial total por hora;2012T4;15,14
B_S Industria, construcción y servicios (excepto actividades de los hogares como empleadores y de organizaciones y organismos extraterritoriales);Coste salarial total por hora;2012T3;14,85
B_S Industria, construcción y servicios (excepto actividades de los hogares como empleadores y de organizaciones y organismos extraterritoriales);Coste salarial total por hora;2012T2;14,57
B_S Industria, construcción y servicios (excepto actividades de los hogares como empleadores y de organizaciones y organismos extraterritoriales);Coste salarial total por hora;2012T1;13,39
B_S Industria, construcción y servicios (excepto actividades de los hogares como empleadores y de organizaciones y organismos extraterritoriales);Coste salarial total por hora;2011T4;15,56
B_S Industria, construcción y servicios (excepto actividades de los hogares como empleadores y de organizaciones y organismos extraterritoriales);Coste salarial total por hora;2011T3;14,81
B_S Industria, construcción y servicios (excepto actividades de los hogares como empleadores y de organizaciones y organismos extraterritoriales);Coste salarial total por hora;2011T2;14,42
B_S Industria, construcción y servicios (excepto actividades de los hogares como empleadores y de organizaciones y organismos extraterritoriales);Coste salarial total por hora;2011T1;13,19
B_S Industria, construcción y servicios (excepto actividades de los hogares como empleadores y de organizaciones y organismos extraterritoriales);Coste salarial total por hora;2010T4;15,22
B_S Industria, construcción y servicios (excepto actividades de los hogares como empleadores y de organizaciones y organismos extraterritoriales);Coste salarial total por hora;2010T3;14,17
B_S Industria, construcción y servicios (excepto actividades de los hogares como empleadores y de organizaciones y organismos extraterritoriales);Coste salarial total por hora;2010T2;14,24
B_S Industria, construcción y servicios (excepto actividades de los hogares como empleadores y de organizaciones y organismos extraterritoriales);Coste salarial total por hora;2010T1;13,17
B_S Industria, construcción y servicios (excepto actividades de los hogares como empleadores y de organizaciones y organismos extraterritoriales);Coste salarial total por hora;2009T4;15,02
B_S Industria, construcción y servicios (excepto actividades de los hogares como empleadores y de organizaciones y organismos extraterritoriales);Coste salarial total por hora;2009T3;14,3
B_S Industria, construcción y servicios (excepto actividades de los hogares como empleadores y de organizaciones y organismos extraterritoriales);Coste salarial total por hora;2009T2;14,04
B_S Industria, construcción y servicios (excepto actividades de los hogares como empleadores y de organizaciones y organismos extraterritoriales);Coste salarial total por hora;2009T1;12,8
B_S Industria, construcción y servicios (excepto actividades de los hogares como empleadores y de organizaciones y organismos extraterritoriales);Coste salarial total por hora;2008T4;14,27
B_S Industria, construcción y servicios (excepto actividades de los hogares como empleadores y de organizaciones y organismos extraterritoriales);Coste salarial total por hora;2008T3;13,76
B_S Industria, construcción y servicios (excepto actividades de los hogares como empleadores y de organizaciones y organismos extraterritoriales);Coste salarial total por hora;2008T2;12,79
B_S Industria, construcción y servicios (excepto actividades de los hogares como empleadores y de organizaciones y organismos extraterritoriales);Coste salarial total por hora;2008T1;12,5
B_S Industria, construcción y servicios (excepto actividades de los hogares como empleadores y de organizaciones y organismos extraterritoriales);Coste salarial ordinario por hora;2024T4;15,81
B_S Industria, construcción y servicios (excepto actividades de los hogares como empleadores y de organizaciones y organismos extraterritoriales);Coste salarial ordinario por hora;2024T3;16,66
B_S Industria, construcción y servicios (excepto actividades de los hogares como empleadores y de organizaciones y organismos extraterritoriales);Coste salarial ordinario por hora;2024T2;14,84
B_S Industria, construcción y servicios (excepto actividades de los hogares como empleadores y de organizaciones y organismos extraterritoriales);Coste salarial ordinario por hora;2024T1;15
B_S Industria, construcción y servicios (excepto actividades de los hogares como empleadores y de organizaciones y organismos extraterritoriales);Coste salarial ordinario por hora;2023T4;15,34
B_S Industria, construcción y servicios (excepto actividades de los hogares como empleadores y de organizaciones y organismos extraterritoriales);Coste salarial ordinario por hora;2023T3;15,89
B_S Industria, construcción y servicios (excepto actividades de los hogares como empleadores y de organizaciones y organismos extraterritoriales);Coste salarial ordinario por hora;2023T2;14,58
B_S Industria, construcción y servicios (excepto actividades de los hogares como empleadores y de organizaciones y organismos extraterritoriales);Coste salarial ordinario por hora;2023T1;14,01
B_S Industria, construcción y servicios (excepto actividades de los hogares como empleadores y de organizaciones y organismos extraterritoriales);Coste salarial ordinario por hora;2022T4;14,51
B_S Industria, construcción y servicios (excepto actividades de los hogares como empleadores y de organizaciones y organismos extraterritoriales);Coste salarial ordinario por hora;2022T3;15,12
B_S Industria, construcción y servicios (excepto actividades de los hogares como empleadores y de organizaciones y organismos extraterritoriales);Coste salarial ordinario por hora;2022T2;13,73
B_S Industria, construcción y servicios (excepto actividades de los hogares como empleadores y de organizaciones y organismos extraterritoriales);Coste salarial ordinario por hora;2022T1;13,5
B_S Industria, construcción y servicios (excepto actividades de los hogares como empleadores y de organizaciones y organismos extraterritoriales);Coste salarial ordinario por hora;2021T4;14,07
B_S Industria, construcción y servicios (excepto actividades de los hogares como empleadores y de organizaciones y organismos extraterritoriales);Coste salarial ordinario por hora;2021T3;14,68
B_S Industria, construcción y servicios (excepto actividades de los hogares como empleadores y de organizaciones y organismos extraterritoriales);Coste salarial ordinario por hora;2021T2;13,61
B_S Industria, construcción y servicios (excepto actividades de los hogares como empleadores y de organizaciones y organismos extraterritoriales);Coste salarial ordinario por hora;2021T1;13,56
B_S Industria, construcción y servicios (excepto actividades de los hogares como empleadores y de organizaciones y organismos extraterritoriales);Coste salarial ordinario por hora;2020T4;13,93
B_S Industria, construcción y servicios (excepto actividades de los hogares como empleadores y de organizaciones y organismos extraterritoriales);Coste salarial ordinario por hora;2020T3;14,69
B_S Industria, construcción y servicios (excepto actividades de los hogares como empleadores y de organizaciones y organismos extraterritoriales);Coste salarial ordinario por hora;2020T2;14,02
B_S Industria, construcción y servicios (excepto actividades de los hogares como empleadores y de organizaciones y organismos extraterritoriales);Coste salarial ordinario por hora;2020T1;13,14
B_S Industria, construcción y servicios (excepto actividades de los hogares como empleadores y de organizaciones y organismos extraterritoriales);Coste salarial ordinario por hora;2019T4;13,32
B_S Industria, construcción y servicios (excepto actividades de los hogares como empleadores y de organizaciones y organismos extraterritoriales);Coste salarial ordinario por hora;2019T3;14,14
B_S Industria, construcción y servicios (excepto actividades de los hogares como empleadores y de organizaciones y organismos extraterritoriales);Coste salarial ordinario por hora;2019T2;12,91
B_S Industria, construcción y servicios (excepto actividades de los hogares como empleadores y de organizaciones y organismos extraterritoriales);Coste salarial ordinario por hora;2019T1;12,52
B_S Industria, construcción y servicios (excepto actividades de los hogares como empleadores y de organizaciones y organismos extraterritoriales);Coste salarial ordinario por hora;2018T4;13,1
B_S Industria, construcción y servicios (excepto actividades de los hogares como empleadores y de organizaciones y organismos extraterritoriales);Coste salarial ordinario por hora;2018T3;13,78
B_S Industria, construcción y servicios (excepto actividades de los hogares como empleadores y de organizaciones y organismos extraterritoriales);Coste salarial ordinario por hora;2018T2;12,21
B_S Industria, construcción y servicios (excepto actividades de los hogares como empleadores y de organizaciones y organismos extraterritoriales);Coste salarial ordinario por hora;2018T1;12,54
B_S Industria, construcción y servicios (excepto actividades de los hogares como empleadores y de organizaciones y organismos extraterritoriales);Coste salarial ordinario por hora;2017T4;12,95
B_S Industria, construcción y servicios (excepto actividades de los hogares como empleadores y de organizaciones y organismos extraterritoriales);Coste salarial ordinario por hora;2017T3;13,52
B_S Industria, construcción y servicios (excepto actividades de los hogares como empleadores y de organizaciones y organismos extraterritoriales);Coste salarial ordinario por hora;2017T2;12,4
B_S Industria, construcción y servicios (excepto actividades de los hogares como empleadores y de organizaciones y organismos extraterritoriales);Coste salarial ordinario por hora;2017T1;12,07
B_S Industria, construcción y servicios (excepto actividades de los hogares como empleadores y de organizaciones y organismos extraterritoriales);Coste salarial ordinario por hora;2016T4;12,84
B_S Industria, construcción y servicios (excepto actividades de los hogares como empleadores y de organizaciones y organismos extraterritoriales);Coste salarial ordinario por hora;2016T3;13,57
B_S Industria, construcción y servicios (excepto actividades de los hogares como empleadores y de organizaciones y organismos extraterritoriales);Coste salarial ordinario por hora;2016T2;11,93
B_S Industria, construcción y servicios (excepto actividades de los hogares como empleadores y de organizaciones y organismos extraterritoriales);Coste salarial ordinario por hora;2016T1;12,61
B_S Industria, construcción y servicios (excepto actividades de los hogares como empleadores y de organizaciones y organismos extraterritoriales);Coste salarial ordinario por hora;2015T4;12,69
B_S Industria, construcción y servicios (excepto actividades de los hogares como empleadores y de organizaciones y organismos extraterritoriales);Coste salarial ordinario por hora;2015T3;13,51
B_S Industria, construcción y servicios (excepto actividades de los hogares como empleadores y de organizaciones y organismos extraterritoriales);Coste salarial ordinario por hora;2015T2;12,43
B_S Industria, construcción y servicios (excepto actividades de los hogares como empleadores y de organizaciones y organismos extraterritoriales);Coste salarial ordinario por hora;2015T1;12,23
B_S Industria, construcción y servicios (excepto actividades de los hogares como empleadores y de organizaciones y organismos extraterritoriales);Coste salarial ordinario por hora;2014T4;12,55
B_S Industria, construcción y servicios (excepto actividades de los hogares como empleadores y de organizaciones y organismos extraterritoriales);Coste salarial ordinario por hora;2014T3;13,58
B_S Industria, construcción y servicios (excepto actividades de los hogares como empleadores y de organizaciones y organismos extraterritoriales);Coste salarial ordinario por hora;2014T2;12,44
B_S Industria, construcción y servicios (excepto actividades de los hogares como empleadores y de organizaciones y organismos extraterritoriales);Coste salarial ordinario por hora;2014T1;12,11
B_S Industria, construcción y servicios (excepto actividades de los hogares como empleadores y de organizaciones y organismos extraterritoriales);Coste salarial ordinario por hora;2013T4;12,63
B_S Industria, construcción y servicios (excepto actividades de los hogares como empleadores y de organizaciones y organismos extraterritoriales);Coste salarial ordinario por hora;2013T3;13,54
B_S Industria, construcción y servicios (excepto actividades de los hogares como empleadores y de organizaciones y organismos extraterritoriales);Coste salarial ordinario por hora;2013T2;12,01
B_S Industria, construcción y servicios (excepto actividades de los hogares como empleadores y de organizaciones y organismos extraterritoriales);Coste salarial ordinario por hora;2013T1;12,3
B_S Industria, construcción y servicios (excepto actividades de los hogares como empleadores y de organizaciones y organismos extraterritoriales);Coste salarial ordinario por hora;2012T4;12,7
B_S Industria, construcción y servicios (excepto actividades de los hogares como empleadores y de organizaciones y organismos extraterritoriales);Coste salarial ordinario por hora;2012T3;13,53
B_S Industria, construcción y servicios (excepto actividades de los hogares como empleadores y de organizaciones y organismos extraterritoriales);Coste salarial ordinario por hora;2012T2;12,29
B_S Industria, construcción y servicios (excepto actividades de los hogares como empleadores y de organizaciones y organismos extraterritoriales);Coste salarial ordinario por hora;2012T1;11,94
B_S Industria, construcción y servicios (excepto actividades de los hogares como empleadores y de organizaciones y organismos extraterritoriales);Coste salarial ordinario por hora;2011T4;12,58
B_S Industria, construcción y servicios (excepto actividades de los hogares como empleadores y de organizaciones y organismos extraterritoriales);Coste salarial ordinario por hora;2011T3;13,49
B_S Industria, construcción y servicios (excepto actividades de los hogares como empleadores y de organizaciones y organismos extraterritoriales);Coste salarial ordinario por hora;2011T2;12,1
B_S Industria, construcción y servicios (excepto actividades de los hogares como empleadores y de organizaciones y organismos extraterritoriales);Coste salarial ordinario por hora;2011T1;11,76
B_S Industria, construcción y servicios (excepto actividades de los hogares como empleadores y de organizaciones y organismos extraterritoriales);Coste salarial ordinario por hora;2010T4;12,29
B_S Industria, construcción y servicios (excepto actividades de los hogares como empleadores y de organizaciones y organismos extraterritoriales);Coste salarial ordinario por hora;2010T3;12,9
B_S Industria, construcción y servicios (excepto actividades de los hogares como empleadores y de organizaciones y organismos extraterritoriales);Coste salarial ordinario por hora;2010T2;11,93
B_S Industria, construcción y servicios (excepto actividades de los hogares como empleadores y de organizaciones y organismos extraterritoriales);Coste salarial ordinario por hora;2010T1;11,83
B_S Industria, construcción y servicios (excepto actividades de los hogares como empleadores y de organizaciones y organismos extraterritoriales);Coste salarial ordinario por hora;2009T4;12,15
B_S Industria, construcción y servicios (excepto actividades de los hogares como empleadores y de organizaciones y organismos extraterritoriales);Coste salarial ordinario por hora;2009T3;13,05
B_S Industria, construcción y servicios (excepto actividades de los hogares como empleadores y de organizaciones y organismos extraterritoriales);Coste salarial ordinario por hora;2009T2;11,92
B_S Industria, construcción y servicios (excepto actividades de los hogares como empleadores y de organizaciones y organismos extraterritoriales);Coste salarial ordinario por hora;2009T1;11,6
B_S Industria, construcción y servicios (excepto actividades de los hogares como empleadores y de organizaciones y organismos extraterritoriales);Coste salarial ordinario por hora;2008T4;11,6
B_S Industria, construcción y servicios (excepto actividades de los hogares como empleadores y de organizaciones y organismos extraterritoriales);Coste salarial ordinario por hora;2008T3;12,58
B_S Industria, construcción y servicios (excepto actividades de los hogares como empleadores y de organizaciones y organismos extraterritoriales);Coste salarial ordinario por hora;2008T2;10,93
B_S Industria, construcción y servicios (excepto actividades de los hogares como empleadores y de organizaciones y organismos extraterritoriales);Coste salarial ordinario por hora;2008T1;11,19
B_S Industria, construcción y servicios (excepto actividades de los hogares como empleadores y de organizaciones y organismos extraterritoriales);Otros costes por hora;2024T4;6,42
B_S Industria, construcción y servicios (excepto actividades de los hogares como empleadores y de organizaciones y organismos extraterritoriales);Otros costes por hora;2024T3;6,77
B_S Industria, construcción y servicios (excepto actividades de los hogares como empleadores y de organizaciones y organismos extraterritoriales);Otros costes por hora;2024T2;6,05
B_S Industria, construcción y servicios (excepto actividades de los hogares como empleadores y de organizaciones y organismos extraterritoriales);Otros costes por hora;2024T1;6,17
B_S Industria, construcción y servicios (excepto actividades de los hogares como empleadores y de organizaciones y organismos extraterritoriales);Otros costes por hora;2023T4;6,24
B_S Industria, construcción y servicios (excepto actividades de los hogares como empleadores y de organizaciones y organismos extraterritoriales);Otros costes por hora;2023T3;6,38
B_S Industria, construcción y servicios (excepto actividades de los hogares como empleadores y de organizaciones y organismos extraterritoriales);Otros costes por hora;2023T2;5,92
B_S Industria, construcción y servicios (excepto actividades de los hogares como empleadores y de organizaciones y organismos extraterritoriales);Otros costes por hora;2023T1;5,72
B_S Industria, construcción y servicios (excepto actividades de los hogares como empleadores y de organizaciones y organismos extraterritoriales);Otros costes por hora;2022T4;5,72
B_S Industria, construcción y servicios (excepto actividades de los hogares como empleadores y de organizaciones y organismos extraterritoriales);Otros costes por hora;2022T3;5,92
B_S Industria, construcción y servicios (excepto actividades de los hogares como empleadores y de organizaciones y organismos extraterritoriales);Otros costes por hora;2022T2;5,45
B_S Industria, construcción y servicios (excepto actividades de los hogares como empleadores y de organizaciones y organismos extraterritoriales);Otros costes por hora;2022T1;5,47
B_S Industria, construcción y servicios (excepto actividades de los hogares como empleadores y de organizaciones y organismos extraterritoriales);Otros costes por hora;2021T4;5,6
B_S Industria, construcción y servicios (excepto actividades de los hogares como empleadores y de organizaciones y organismos extraterritoriales);Otros costes por hora;2021T3;5,76
B_S Industria, construcción y servicios (excepto actividades de los hogares como empleadores y de organizaciones y organismos extraterritoriales);Otros costes por hora;2021T2;5,5
B_S Industria, construcción y servicios (excepto actividades de los hogares como empleadores y de organizaciones y organismos extraterritoriales);Otros costes por hora;2021T1;5,52
B_S Industria, construcción y servicios (excepto actividades de los hogares como empleadores y de organizaciones y organismos extraterritoriales);Otros costes por hora;2020T4;5,69
B_S Industria, construcción y servicios (excepto actividades de los hogares como empleadores y de organizaciones y organismos extraterritoriales);Otros costes por hora;2020T3;5,79
B_S Industria, construcción y servicios (excepto actividades de los hogares como empleadores y de organizaciones y organismos extraterritoriales);Otros costes por hora;2020T2;5,98
B_S Industria, construcción y servicios (excepto actividades de los hogares como empleadores y de organizaciones y organismos extraterritoriales);Otros costes por hora;2020T1;5,28
B_S Industria, construcción y servicios (excepto actividades de los hogares como empleadores y de organizaciones y organismos extraterritoriales);Otros costes por hora;2019T4;5,32
B_S Industria, construcción y servicios (excepto actividades de los hogares como empleadores y de organizaciones y organismos extraterritoriales);Otros costes por hora;2019T3;5,59
B_S Industria, construcción y servicios (excepto actividades de los hogares como empleadores y de organizaciones y organismos extraterritoriales);Otros costes por hora;2019T2;5,16
B_S Industria, construcción y servicios (excepto actividades de los hogares como empleadores y de organizaciones y organismos extraterritoriales);Otros costes por hora;2019T1;5,02
B_S Industria, construcción y servicios (excepto actividades de los hogares como empleadores y de organizaciones y organismos extraterritoriales);Otros costes por hora;2018T4;5,13
B_S Industria, construcción y servicios (excepto actividades de los hogares como empleadores y de organizaciones y organismos extraterritoriales);Otros costes por hora;2018T3;5,42
B_S Industria, construcción y servicios (excepto actividades de los hogares como empleadores y de organizaciones y organismos extraterritoriales);Otros costes por hora;2018T2;4,82
B_S Industria, construcción y servicios (excepto actividades de los hogares como empleadores y de organizaciones y organismos extraterritoriales);Otros costes por hora;2018T1;4,97
B_S Industria, construcción y servicios (excepto actividades de los hogares como empleadores y de organizaciones y organismos extraterritoriales);Otros costes por hora;2017T4;5,11
B_S Industria, construcción y servicios (excepto actividades de los hogares como empleadores y de organizaciones y organismos extraterritoriales);Otros costes por hora;2017T3;5,28
B_S Industria, construcción y servicios (excepto actividades de los hogares como empleadores y de organizaciones y organismos extraterritoriales);Otros costes por hora;2017T2;4,89
B_S Industria, construcción y servicios (excepto actividades de los hogares como empleadores y de organizaciones y organismos extraterritoriales);Otros costes por hora;2017T1;4,82
B_S Industria, construcción y servicios (excepto actividades de los hogares como empleadores y de organizaciones y organismos extraterritoriales);Otros costes por hora;2016T4;5,01
B_S Industria, construcción y servicios (excepto actividades de los hogares como empleadores y de organizaciones y organismos extraterritoriales);Otros costes por hora;2016T3;5,29
B_S Industria, construcción y servicios (excepto actividades de los hogares como empleadores y de organizaciones y organismos extraterritoriales);Otros costes por hora;2016T2;4,73
B_S Industria, construcción y servicios (excepto actividades de los hogares como empleadores y de organizaciones y organismos extraterritoriales);Otros costes por hora;2016T1;5,01
B_S Industria, construcción y servicios (excepto actividades de los hogares como empleadores y de organizaciones y organismos extraterritoriales);Otros costes por hora;2015T4;4,99
B_S Industria, construcción y servicios (excepto actividades de los hogares como empleadores y de organizaciones y organismos extraterritoriales);Otros costes por hora;2015T3;5,32
B_S Industria, construcción y servicios (excepto actividades de los hogares como empleadores y de organizaciones y organismos extraterritoriales);Otros costes por hora;2015T2;4,94
B_S Industria, construcción y servicios (excepto actividades de los hogares como empleadores y de organizaciones y organismos extraterritoriales);Otros costes por hora;2015T1;4,89
B_S Industria, construcción y servicios (excepto actividades de los hogares como empleadores y de organizaciones y organismos extraterritoriales);Otros costes por hora;2014T4;4,99
B_S Industria, construcción y servicios (excepto actividades de los hogares como empleadores y de organizaciones y organismos extraterritoriales);Otros costes por hora;2014T3;5,38
B_S Industria, construcción y servicios (excepto actividades de los hogares como empleadores y de organizaciones y organismos extraterritoriales);Otros costes por hora;2014T2;4,96
B_S Industria, construcción y servicios (excepto actividades de los hogares como empleadores y de organizaciones y organismos extraterritoriales);Otros costes por hora;2014T1;4,95
B_S Industria, construcción y servicios (excepto actividades de los hogares como empleadores y de organizaciones y organismos extraterritoriales);Otros costes por hora;2013T4;5,1
B_S Industria, construcción y servicios (excepto actividades de los hogares como empleadores y de organizaciones y organismos extraterritoriales);Otros costes por hora;2013T3;5,44
B_S Industria, construcción y servicios (excepto actividades de los hogares como empleadores y de organizaciones y organismos extraterritoriales);Otros costes por hora;2013T2;4,81
B_S Industria, construcción y servicios (excepto actividades de los hogares como empleadores y de organizaciones y organismos extraterritoriales);Otros costes por hora;2013T1;5,05
B_S Industria, construcción y servicios (excepto actividades de los hogares como empleadores y de organizaciones y organismos extraterritoriales);Otros costes por hora;2012T4;5,08
B_S Industria, construcción y servicios (excepto actividades de los hogares como empleadores y de organizaciones y organismos extraterritoriales);Otros costes por hora;2012T3;5,35
B_S Industria, construcción y servicios (excepto actividades de los hogares como empleadores y de organizaciones y organismos extraterritoriales);Otros costes por hora;2012T2;4,9
B_S Industria, construcción y servicios (excepto actividades de los hogares como empleadores y de organizaciones y organismos extraterritoriales);Otros costes por hora;2012T1;4,9
B_S Industria, construcción y servicios (excepto actividades de los hogares como empleadores y de organizaciones y organismos extraterritoriales);Otros costes por hora;2011T4;5,12
B_S Industria, construcción y servicios (excepto actividades de los hogares como empleadores y de organizaciones y organismos extraterritoriales);Otros costes por hora;2011T3;5,39
B_S Industria, construcción y servicios (excepto actividades de los hogares como empleadores y de organizaciones y organismos extraterritoriales);Otros costes por hora;2011T2;4,92
B_S Industria, construcción y servicios (excepto actividades de los hogares como empleadores y de organizaciones y organismos extraterritoriales);Otros costes por hora;2011T1;4,84
B_S Industria, construcción y servicios (excepto actividades de los hogares como empleadores y de organizaciones y organismos extraterritoriales);Otros costes por hora;2010T4;4,96
B_S Industria, construcción y servicios (excepto actividades de los hogares como empleadores y de organizaciones y organismos extraterritoriales);Otros costes por hora;2010T3;5,11
B_S Industria, construcción y servicios (excepto actividades de los hogares como empleadores y de organizaciones y organismos extraterritoriales);Otros costes por hora;2010T2;4,81
B_S Industria, construcción y servicios (excepto actividades de los hogares como empleadores y de organizaciones y organismos extraterritoriales);Otros costes por hora;2010T1;4,86
B_S Industria, construcción y servicios (excepto actividades de los hogares como empleadores y de organizaciones y organismos extraterritoriales);Otros costes por hora;2009T4;4,94
B_S Industria, construcción y servicios (excepto actividades de los hogares como empleadores y de organizaciones y organismos extraterritoriales);Otros costes por hora;2009T3;5,25
B_S Industria, construcción y servicios (excepto actividades de los hogares como empleadores y de organizaciones y organismos extraterritoriales);Otros costes por hora;2009T2;4,86
B_S Industria, construcción y servicios (excepto actividades de los hogares como empleadores y de organizaciones y organismos extraterritoriales);Otros costes por hora;2009T1;4,86
B_S Industria, construcción y servicios (excepto actividades de los hogares como empleadores y de organizaciones y organismos extraterritoriales);Otros costes por hora;2008T4;4,73
B_S Industria, construcción y servicios (excepto actividades de los hogares como empleadores y de organizaciones y organismos extraterritoriales);Otros costes por hora;2008T3;5,01
B_S Industria, construcción y servicios (excepto actividades de los hogares como empleadores y de organizaciones y organismos extraterritoriales);Otros costes por hora;2008T2;4,45
B_S Industria, construcción y servicios (excepto actividades de los hogares como empleadores y de organizaciones y organismos extraterritoriales);Otros costes por hora;2008T1;4,53
Industria;Coste laboral total por hora;2024T4;27,84
Industria;Coste laboral total por hora;2024T3;27,76
Industria;Coste laboral total por hora;2024T2;25,58
Industria;Coste laboral total por hora;2024T1;24,63
Industria;Coste laboral total por hora;2023T4;27,01
Industria;Coste laboral total por hora;2023T3;26,28
Industria;Coste laboral total por hora;2023T2;24,99
Industria;Coste laboral total por hora;2023T1;22,84
Industria;Coste laboral total por hora;2022T4;25,36
Industria;Coste laboral total por hora;2022T3;25,17
Industria;Coste laboral total por hora;2022T2;23,52
Industria;Coste laboral total por hora;2022T1;21,77
Industria;Coste laboral total por hora;2021T4;24,64
Industria;Coste laboral total por hora;2021T3;24,14
Industria;Coste laboral total por hora;2021T2;23,1
Industria;Coste laboral total por hora;2021T1;21,88
Industria;Coste laboral total por hora;2020T4;24,45
Industria;Coste laboral total por hora;2020T3;24,16
Industria;Coste laboral total por hora;2020T2;24,49
Industria;Coste laboral total por hora;2020T1;21,38
Industria;Coste laboral total por hora;2019T4;23,77
Industria;Coste laboral total por hora;2019T3;23,92
Industria;Coste laboral total por hora;2019T2;22,4
Industria;Coste laboral total por hora;2019T1;20,48
Industria;Coste laboral total por hora;2018T4;23,5
Industria;Coste laboral total por hora;2018T3;23,47
Industria;Coste laboral total por hora;2018T2;21,22
Industria;Coste laboral total por hora;2018T1;20,55
Industria;Coste laboral total por hora;2017T4;23,58
Industria;Coste laboral total por hora;2017T3;22,94
Industria;Coste laboral total por hora;2017T2;21,72
Industria;Coste laboral total por hora;2017T1;19,9
Industria;Coste laboral total por hora;2016T4;23,24
Industria;Coste laboral total por hora;2016T3;22,92
Industria;Coste laboral total por hora;2016T2;20,62
Industria;Coste laboral total por hora;2016T1;20,73
Industria;Coste laboral total por hora;2015T4;22,88
Industria;Coste laboral total por hora;2015T3;22,88
Industria;Coste laboral total por hora;2015T2;21,48
Industria;Coste laboral total por hora;2015T1;20,02
Industria;Coste laboral total por hora;2014T4;22,88
Industria;Coste laboral total por hora;2014T3;23,11
Industria;Coste laboral total por hora;2014T2;21,73
Industria;Coste laboral total por hora;2014T1;19,98
Industria;Coste laboral total por hora;2013T4;22,87
Industria;Coste laboral total por hora;2013T3;23,19
Industria;Coste laboral total por hora;2013T2;20,85
Industria;Coste laboral total por hora;2013T1;20,38
Industria;Coste laboral total por hora;2012T4;22,87
Industria;Coste laboral total por hora;2012T3;22,79
Industria;Coste laboral total por hora;2012T2;21,05
Industria;Coste laboral total por hora;2012T1;19,45
Industria;Coste laboral total por hora;2011T4;22,46
Industria;Coste laboral total por hora;2011T3;22,32
Industria;Coste laboral total por hora;2011T2;20,33
Industria;Coste laboral total por hora;2011T1;18,89
Industria;Coste laboral total por hora;2010T4;21,96
Industria;Coste laboral total por hora;2010T3;21,43
Industria;Coste laboral total por hora;2010T2;20,12
Industria;Coste laboral total por hora;2010T1;19,15
Industria;Coste laboral total por hora;2009T4;21,52
Industria;Coste laboral total por hora;2009T3;21,68
Industria;Coste laboral total por hora;2009T2;20,06
Industria;Coste laboral total por hora;2009T1;18,78
Industria;Coste laboral total por hora;2008T4;20,48
Industria;Coste laboral total por hora;2008T3;20,74
Industria;Coste laboral total por hora;2008T2;18,16
Industria;Coste laboral total por hora;2008T1;18
Industria;Coste salarial total por hora;2024T4;20,7
Industria;Coste salarial total por hora;2024T3;20,1
Industria;Coste salarial total por hora;2024T2;18,92
Industria;Coste salarial total por hora;2024T1;17,86
Industria;Coste salarial total por hora;2023T4;20,17
Industria;Coste salarial total por hora;2023T3;19,09
Industria;Coste salarial total por hora;2023T2;18,46
Industria;Coste salarial total por hora;2023T1;16,61
Industria;Coste salarial total por hora;2022T4;19,02
Industria;Coste salarial total por hora;2022T3;18,45
Industria;Coste salarial total por hora;2022T2;17,54
Industria;Coste salarial total por hora;2022T1;15,87
Industria;Coste salarial total por hora;2021T4;18,35
Industria;Coste salarial total por hora;2021T3;17,58
Industria;Coste salarial total por hora;2021T2;17
Industria;Coste salarial total por hora;2021T1;15,87
Industria;Coste salarial total por hora;2020T4;18,12
Industria;Coste salarial total por hora;2020T3;17,6
Industria;Coste salarial total por hora;2020T2;17,8
Industria;Coste salarial total por hora;2020T1;15,59
Industria;Coste salarial total por hora;2019T4;17,81
Industria;Coste salarial total por hora;2019T3;17,51
Industria;Coste salarial total por hora;2019T2;16,65
Industria;Coste salarial total por hora;2019T1;14,96
Industria;Coste salarial total por hora;2018T4;17,69
Industria;Coste salarial total por hora;2018T3;17,23
Industria;Coste salarial total por hora;2018T2;15,85
Industria;Coste salarial total por hora;2018T1;15,07
Industria;Coste salarial total por hora;2017T4;17,83
Industria;Coste salarial total por hora;2017T3;16,88
Industria;Coste salarial total por hora;2017T2;16,22
Industria;Coste salarial total por hora;2017T1;14,61
Industria;Coste salarial total por hora;2016T4;17,58
Industria;Coste salarial total por hora;2016T3;16,88
Industria;Coste salarial total por hora;2016T2;15,43
Industria;Coste salarial total por hora;2016T1;15,23
Industria;Coste salarial total por hora;2015T4;17,33
Industria;Coste salarial total por hora;2015T3;16,88
Industria;Coste salarial total por hora;2015T2;16,06
Industria;Coste salarial total por hora;2015T1;14,64
Industria;Coste salarial total por hora;2014T4;17,15
Industria;Coste salarial total por hora;2014T3;16,95
Industria;Coste salarial total por hora;2014T2;16,15
Industria;Coste salarial total por hora;2014T1;14,49
Industria;Coste salarial total por hora;2013T4;17,24
Industria;Coste salarial total por hora;2013T3;16,9
Industria;Coste salarial total por hora;2013T2;15,44
Industria;Coste salarial total por hora;2013T1;14,72
Industria;Coste salarial total por hora;2012T4;17,07
Industria;Coste salarial total por hora;2012T3;16,67
Industria;Coste salarial total por hora;2012T2;15,59
Industria;Coste salarial total por hora;2012T1;14,05
Industria;Coste salarial total por hora;2011T4;16,93
Industria;Coste salarial total por hora;2011T3;16,45
Industria;Coste salarial total por hora;2011T2;15,12
Industria;Coste salarial total por hora;2011T1;13,75
Industria;Coste salarial total por hora;2010T4;16,46
Industria;Coste salarial total por hora;2010T3;15,71
Industria;Coste salarial total por hora;2010T2;14,74
Industria;Coste salarial total por hora;2010T1;13,7
Industria;Coste salarial total por hora;2009T4;16,05
Industria;Coste salarial total por hora;2009T3;15,76
Industria;Coste salarial total por hora;2009T2;14,62
Industria;Coste salarial total por hora;2009T1;13,35
Industria;Coste salarial total por hora;2008T4;15,3
Industria;Coste salarial total por hora;2008T3;15,2
Industria;Coste salarial total por hora;2008T2;13,33
Industria;Coste salarial total por hora;2008T1;13,13
Industria;Coste salarial ordinario por hora;2024T4;16,57
Industria;Coste salarial ordinario por hora;2024T3;17,86
Industria;Coste salarial ordinario por hora;2024T2;15,48
Industria;Coste salarial ordinario por hora;2024T1;15,64
Industria;Coste salarial ordinario por hora;2023T4;15,99
Industria;Coste salarial ordinario por hora;2023T3;16,99
Industria;Coste salarial ordinario por hora;2023T2;15,11
Industria;Coste salarial ordinario por hora;2023T1;14,5
Industria;Coste salarial ordinario por hora;2022T4;15,17
Industria;Coste salarial ordinario por hora;2022T3;16,28
Industria;Coste salarial ordinario por hora;2022T2;14,3
Industria;Coste salarial ordinario por hora;2022T1;13,89
Industria;Coste salarial ordinario por hora;2021T4;14,61
Industria;Coste salarial ordinario por hora;2021T3;15,6
Industria;Coste salarial ordinario por hora;2021T2;14,05
Industria;Coste salarial ordinario por hora;2021T1;13,92
Industria;Coste salarial ordinario por hora;2020T4;14,45
Industria;Coste salarial ordinario por hora;2020T3;15,5
Industria;Coste salarial ordinario por hora;2020T2;14,45
Industria;Coste salarial ordinario por hora;2020T1;13,73
Industria;Coste salarial ordinario por hora;2019T4;14,14
Industria;Coste salarial ordinario por hora;2019T3;15,45
Industria;Coste salarial ordinario por hora;2019T2;13,66
Industria;Coste salarial ordinario por hora;2019T1;13,13
Industria;Coste salarial ordinario por hora;2018T4;13,99
Industria;Coste salarial ordinario por hora;2018T3;15,19
Industria;Coste salarial ordinario por hora;2018T2;13,03
Industria;Coste salarial ordinario por hora;2018T1;13,23
Industria;Coste salarial ordinario por hora;2017T4;13,96
Industria;Coste salarial ordinario por hora;2017T3;14,88
Industria;Coste salarial ordinario por hora;2017T2;13,32
Industria;Coste salarial ordinario por hora;2017T1;12,75
Industria;Coste salarial ordinario por hora;2016T4;13,75
Industria;Coste salarial ordinario por hora;2016T3;14,82
Industria;Coste salarial ordinario por hora;2016T2;12,66
Industria;Coste salarial ordinario por hora;2016T1;13,35
Industria;Coste salarial ordinario por hora;2015T4;13,58
Industria;Coste salarial ordinario por hora;2015T3;14,79
Industria;Coste salarial ordinario por hora;2015T2;13,2
Industria;Coste salarial ordinario por hora;2015T1;12,94
Industria;Coste salarial ordinario por hora;2014T4;13,53
Industria;Coste salarial ordinario por hora;2014T3;14,89
Industria;Coste salarial ordinario por hora;2014T2;13,28
Industria;Coste salarial ordinario por hora;2014T1;12,85
Industria;Coste salarial ordinario por hora;2013T4;13,5
Industria;Coste salarial ordinario por hora;2013T3;14,87
Industria;Coste salarial ordinario por hora;2013T2;12,71
Industria;Coste salarial ordinario por hora;2013T1;13
Industria;Coste salarial ordinario por hora;2012T4;13,46
Industria;Coste salarial ordinario por hora;2012T3;14,69
Industria;Coste salarial ordinario por hora;2012T2;12,91
Industria;Coste salarial ordinario por hora;2012T1;12,41
Industria;Coste salarial ordinario por hora;2011T4;13,2
Industria;Coste salarial ordinario por hora;2011T3;14,52
Industria;Coste salarial ordinario por hora;2011T2;12,62
Industria;Coste salarial ordinario por hora;2011T1;12,12
Industria;Coste salarial ordinario por hora;2010T4;12,91
Industria;Coste salarial ordinario por hora;2010T3;13,94
Industria;Coste salarial ordinario por hora;2010T2;12,39
Industria;Coste salarial ordinario por hora;2010T1;12,19
Industria;Coste salarial ordinario por hora;2009T4;12,61
Industria;Coste salarial ordinario por hora;2009T3;14,02
Industria;Coste salarial ordinario por hora;2009T2;12,36
Industria;Coste salarial ordinario por hora;2009T1;12,01
Industria;Coste salarial ordinario por hora;2008T4;12,09
Industria;Coste salarial ordinario por hora;2008T3;13,57
Industria;Coste salarial ordinario por hora;2008T2;11,33
Industria;Coste salarial ordinario por hora;2008T1;11,59
Industria;Otros costes por hora;2024T4;7,14
Industria;Otros costes por hora;2024T3;7,66
Industria;Otros costes por hora;2024T2;6,66
Industria;Otros costes por hora;2024T1;6,77
Industria;Otros costes por hora;2023T4;6,84
Industria;Otros costes por hora;2023T3;7,19
Industria;Otros costes por hora;2023T2;6,53
Industria;Otros costes por hora;2023T1;6,23
Industria;Otros costes por hora;2022T4;6,34
Industria;Otros costes por hora;2022T3;6,72
Industria;Otros costes por hora;2022T2;5,98
Industria;Otros costes por hora;2022T1;5,9
Industria;Otros costes por hora;2021T4;6,29
Industria;Otros costes por hora;2021T3;6,56
Industria;Otros costes por hora;2021T2;6,1
Industria;Otros costes por hora;2021T1;6,01
Industria;Otros costes por hora;2020T4;6,33
Industria;Otros costes por hora;2020T3;6,56
Industria;Otros costes por hora;2020T2;6,69
Industria;Otros costes por hora;2020T1;5,79
Industria;Otros costes por hora;2019T4;5,96
Industria;Otros costes por hora;2019T3;6,41
Industria;Otros costes por hora;2019T2;5,75
Industria;Otros costes por hora;2019T1;5,52
Industria;Otros costes por hora;2018T4;5,81
Industria;Otros costes por hora;2018T3;6,24
Industria;Otros costes por hora;2018T2;5,37
Industria;Otros costes por hora;2018T1;5,48
Industria;Otros costes por hora;2017T4;5,75
Industria;Otros costes por hora;2017T3;6,06
Industria;Otros costes por hora;2017T2;5,5
Industria;Otros costes por hora;2017T1;5,29
Industria;Otros costes por hora;2016T4;5,66
Industria;Otros costes por hora;2016T3;6,04
Industria;Otros costes por hora;2016T2;5,19
Industria;Otros costes por hora;2016T1;5,5
Industria;Otros costes por hora;2015T4;5,55
Industria;Otros costes por hora;2015T3;6
Industria;Otros costes por hora;2015T2;5,42
Industria;Otros costes por hora;2015T1;5,38
Industria;Otros costes por hora;2014T4;5,73
Industria;Otros costes por hora;2014T3;6,16
Industria;Otros costes por hora;2014T2;5,58
Industria;Otros costes por hora;2014T1;5,49
Industria;Otros costes por hora;2013T4;5,63
Industria;Otros costes por hora;2013T3;6,29
Industria;Otros costes por hora;2013T2;5,41
Industria;Otros costes por hora;2013T1;5,66
Industria;Otros costes por hora;2012T4;5,8
Industria;Otros costes por hora;2012T3;6,12
Industria;Otros costes por hora;2012T2;5,46
Industria;Otros costes por hora;2012T1;5,4
Industria;Otros costes por hora;2011T4;5,53
Industria;Otros costes por hora;2011T3;5,87
Industria;Otros costes por hora;2011T2;5,21
Industria;Otros costes por hora;2011T1;5,14
Industria;Otros costes por hora;2010T4;5,5
Industria;Otros costes por hora;2010T3;5,72
Industria;Otros costes por hora;2010T2;5,38
Industria;Otros costes por hora;2010T1;5,45
Industria;Otros costes por hora;2009T4;5,47
Industria;Otros costes por hora;2009T3;5,92
Industria;Otros costes por hora;2009T2;5,44
Industria;Otros costes por hora;2009T1;5,43
Industria;Otros costes por hora;2008T4;5,18
Industria;Otros costes por hora;2008T3;5,54
Industria;Otros costes por hora;2008T2;4,83
Industria;Otros costes por hora;2008T1;4,87
Construcción;Coste laboral total por hora;2024T4;23,12
Construcción;Coste laboral total por hora;2024T3;21,85
Construcción;Coste laboral total por hora;2024T2;21,15
Construcción;Coste laboral total por hora;2024T1;19,7
Construcción;Coste laboral total por hora;2023T4;23,14
Construcción;Coste laboral total por hora;2023T3;21,05
Construcción;Coste laboral total por hora;2023T2;20,97
Construcción;Coste laboral total por hora;2023T1;18,54
Construcción;Coste laboral total por hora;2022T4;21,66
Construcción;Coste laboral total por hora;2022T3;19,76
Construcción;Coste laboral total por hora;2022T2;20,35
Construcción;Coste laboral total por hora;2022T1;17,83
Construcción;Coste laboral total por hora;2021T4;20,57
Construcción;Coste laboral total por hora;2021T3;19,14
Construcción;Coste laboral total por hora;2021T2;19,42
Construcción;Coste laboral total por hora;2021T1;17,59
Construcción;Coste laboral total por hora;2020T4;20,68
Construcción;Coste laboral total por hora;2020T3;18,58
Construcción;Coste laboral total por hora;2020T2;20,52
Construcción;Coste laboral total por hora;2020T1;17,32
Construcción;Coste laboral total por hora;2019T4;20,19
Construcción;Coste laboral total por hora;2019T3;18,65
Construcción;Coste laboral total por hora;2019T2;18,79
Construcción;Coste laboral total por hora;2019T1;16,65
Construcción;Coste laboral total por hora;2018T4;19,83
Construcción;Coste laboral total por hora;2018T3;18,26
Construcción;Coste laboral total por hora;2018T2;17,99
Construcción;Coste laboral total por hora;2018T1;16,95
Construcción;Coste laboral total por hora;2017T4;19,34
Construcción;Coste laboral total por hora;2017T3;18,12
Construcción;Coste laboral total por hora;2017T2;18,45
Construcción;Coste laboral total por hora;2017T1;16,26
Construcción;Coste laboral total por hora;2016T4;19,47
Construcción;Coste laboral total por hora;2016T3;18,19
Construcción;Coste laboral total por hora;2016T2;17,99
Construcción;Coste laboral total por hora;2016T1;17,29
Construcción;Coste laboral total por hora;2015T4;19,52
Construcción;Coste laboral total por hora;2015T3;18,63
Construcción;Coste laboral total por hora;2015T2;19,01
Construcción;Coste laboral total por hora;2015T1;17,02
Construcción;Coste laboral total por hora;2014T4;19,94
Construcción;Coste laboral total por hora;2014T3;18,68
Construcción;Coste laboral total por hora;2014T2;19,39
Construcción;Coste laboral total por hora;2014T1;17,34
Construcción;Coste laboral total por hora;2013T4;20,33
Construcción;Coste laboral total por hora;2013T3;18,69
Construcción;Coste laboral total por hora;2013T2;18,98
Construcción;Coste laboral total por hora;2013T1;17,75
Construcción;Coste laboral total por hora;2012T4;20,46
Construcción;Coste laboral total por hora;2012T3;18,85
Construcción;Coste laboral total por hora;2012T2;19,21
Construcción;Coste laboral total por hora;2012T1;17,14
Construcción;Coste laboral total por hora;2011T4;20,25
Construcción;Coste laboral total por hora;2011T3;18,55
Construcción;Coste laboral total por hora;2011T2;18,39
Construcción;Coste laboral total por hora;2011T1;16,71
Construcción;Coste laboral total por hora;2010T4;19,41
Construcción;Coste laboral total por hora;2010T3;17,6
Construcción;Coste laboral total por hora;2010T2;17,82
Construcción;Coste laboral total por hora;2010T1;16,42
Construcción;Coste laboral total por hora;2009T4;19,15
Construcción;Coste laboral total por hora;2009T3;17,95
Construcción;Coste laboral total por hora;2009T2;17,9
Construcción;Coste laboral total por hora;2009T1;16,29
Construcción;Coste laboral total por hora;2008T4;18,06
Construcción;Coste laboral total por hora;2008T3;17,36
Construcción;Coste laboral total por hora;2008T2;16,08
Construcción;Coste laboral total por hora;2008T1;15,51
Construcción;Coste salarial total por hora;2024T4;16,53
Construcción;Coste salarial total por hora;2024T3;15,04
Construcción;Coste salarial total por hora;2024T2;14,96
Construcción;Coste salarial total por hora;2024T1;13,5
Construcción;Coste salarial total por hora;2023T4;16,75
Construcción;Coste salarial total por hora;2023T3;14,55
Construcción;Coste salarial total por hora;2023T2;15,03
Construcción;Coste salarial total por hora;2023T1;12,82
Construcción;Coste salarial total por hora;2022T4;15,74
Construcción;Coste salarial total por hora;2022T3;13,81
Construcción;Coste salarial total por hora;2022T2;14,82
Construcción;Coste salarial total por hora;2022T1;12,38
Construcción;Coste salarial total por hora;2021T4;14,88
Construcción;Coste salarial total por hora;2021T3;13,33
Construcción;Coste salarial total por hora;2021T2;13,92
Construcción;Coste salarial total por hora;2021T1;12,11
Construcción;Coste salarial total por hora;2020T4;15,07
Construcción;Coste salarial total por hora;2020T3;13,04
Construcción;Coste salarial total por hora;2020T2;14,82
Construcción;Coste salarial total por hora;2020T1;11,94
Construcción;Coste salarial total por hora;2019T4;14,68
Construcción;Coste salarial total por hora;2019T3;13
Construcción;Coste salarial total por hora;2019T2;13,52
Construcción;Coste salarial total por hora;2019T1;11,55
Construcción;Coste salarial total por hora;2018T4;14,43
Construcción;Coste salarial total por hora;2018T3;12,76
Construcción;Coste salarial total por hora;2018T2;12,96
Construcción;Coste salarial total por hora;2018T1;11,73
Construcción;Coste salarial total por hora;2017T4;13,96
Construcción;Coste salarial total por hora;2017T3;12,61
Construcción;Coste salarial total por hora;2017T2;13,22
Construcción;Coste salarial total por hora;2017T1;11,27
Construcción;Coste salarial total por hora;2016T4;14,06
Construcción;Coste salarial total por hora;2016T3;12,68
Construcción;Coste salarial total por hora;2016T2;12,89
Construcción;Coste salarial total por hora;2016T1;11,96
Construcción;Coste salarial total por hora;2015T4;14,12
Construcción;Coste salarial total por hora;2015T3;12,97
Construcción;Coste salarial total por hora;2015T2;13,56
Construcción;Coste salarial total por hora;2015T1;11,7
Construcción;Coste salarial total por hora;2014T4;14,4
Construcción;Coste salarial total por hora;2014T3;12,98
Construcción;Coste salarial total por hora;2014T2;13,92
Construcción;Coste salarial total por hora;2014T1;11,67
Construcción;Coste salarial total por hora;2013T4;14,49
Construcción;Coste salarial total por hora;2013T3;12,88
Construcción;Coste salarial total por hora;2013T2;13,4
Construcción;Coste salarial total por hora;2013T1;12
Construcción;Coste salarial total por hora;2012T4;14,62
Construcción;Coste salarial total por hora;2012T3;12,96
Construcción;Coste salarial total por hora;2012T2;13,59
Construcción;Coste salarial total por hora;2012T1;11,54
Construcción;Coste salarial total por hora;2011T4;14,41
Construcción;Coste salarial total por hora;2011T3;12,73
Construcción;Coste salarial total por hora;2011T2;13,06
Construcción;Coste salarial total por hora;2011T1;11,37
Construcción;Coste salarial total por hora;2010T4;13,94
Construcción;Coste salarial total por hora;2010T3;12,07
Construcción;Coste salarial total por hora;2010T2;12,64
Construcción;Coste salarial total por hora;2010T1;11,22
Construcción;Coste salarial total por hora;2009T4;13,69
Construcción;Coste salarial total por hora;2009T3;12,31
Construcción;Coste salarial total por hora;2009T2;12,57
Construcción;Coste salarial total por hora;2009T1;11
Construcción;Coste salarial total por hora;2008T4;12,77
Construcción;Coste salarial total por hora;2008T3;11,92
Construcción;Coste salarial total por hora;2008T2;11,34
Construcción;Coste salarial total por hora;2008T1;10,67
Construcción;Coste salarial ordinario por hora;2024T4;13,45
Construcción;Coste salarial ordinario por hora;2024T3;14,11
Construcción;Coste salarial ordinario por hora;2024T2;12,61
Construcción;Coste salarial ordinario por hora;2024T1;12,73
Construcción;Coste salarial ordinario por hora;2023T4;13,26
Construcción;Coste salarial ordinario por hora;2023T3;13,61
Construcción;Coste salarial ordinario por hora;2023T2;12,54
Construcción;Coste salarial ordinario por hora;2023T1;12,03
Construcción;Coste salarial ordinario por hora;2022T4;12,61
Construcción;Coste salarial ordinario por hora;2022T3;12,78
Construcción;Coste salarial ordinario por hora;2022T2;11,9
Construcción;Coste salarial ordinario por hora;2022T1;11,58
Construcción;Coste salarial ordinario por hora;2021T4;12,13
Construcción;Coste salarial ordinario por hora;2021T3;12,41
Construcción;Coste salarial ordinario por hora;2021T2;11,69
Construcción;Coste salarial ordinario por hora;2021T1;11,45
Construcción;Coste salarial ordinario por hora;2020T4;11,97
Construcción;Coste salarial ordinario por hora;2020T3;12,1
Construcción;Coste salarial ordinario por hora;2020T2;11,92
Construcción;Coste salarial ordinario por hora;2020T1;11,21
Construcción;Coste salarial ordinario por hora;2019T4;11,62
Construcción;Coste salarial ordinario por hora;2019T3;11,98
Construcción;Coste salarial ordinario por hora;2019T2;11,14
Construcción;Coste salarial ordinario por hora;2019T1;10,8
Construcción;Coste salarial ordinario por hora;2018T4;11,51
Construcción;Coste salarial ordinario por hora;2018T3;11,76
Construcción;Coste salarial ordinario por hora;2018T2;10,67
Construcción;Coste salarial ordinario por hora;2018T1;10,96
Construcción;Coste salarial ordinario por hora;2017T4;11,32
Construcción;Coste salarial ordinario por hora;2017T3;11,63
Construcción;Coste salarial ordinario por hora;2017T2;10,95
Construcción;Coste salarial ordinario por hora;2017T1;10,6
Construcción;Coste salarial ordinario por hora;2016T4;11,31
Construcción;Coste salarial ordinario por hora;2016T3;11,67
Construcción;Coste salarial ordinario por hora;2016T2;10,61
Construcción;Coste salarial ordinario por hora;2016T1;11,15
Construcción;Coste salarial ordinario por hora;2015T4;11,37
Construcción;Coste salarial ordinario por hora;2015T3;11,9
Construcción;Coste salarial ordinario por hora;2015T2;11,15
Construcción;Coste salarial ordinario por hora;2015T1;10,93
Construcción;Coste salarial ordinario por hora;2014T4;11,37
Construcción;Coste salarial ordinario por hora;2014T3;11,89
Construcción;Coste salarial ordinario por hora;2014T2;11,32
Construcción;Coste salarial ordinario por hora;2014T1;10,93
Construcción;Coste salarial ordinario por hora;2013T4;11,36
Construcción;Coste salarial ordinario por hora;2013T3;11,77
Construcción;Coste salarial ordinario por hora;2013T2;10,89
Construcción;Coste salarial ordinario por hora;2013T1;11,22
Construcción;Coste salarial ordinario por hora;2012T4;11,54
Construcción;Coste salarial ordinario por hora;2012T3;11,9
Construcción;Coste salarial ordinario por hora;2012T2;11,06
Construcción;Coste salarial ordinario por hora;2012T1;10,71
Construcción;Coste salarial ordinario por hora;2011T4;11,3
Construcción;Coste salarial ordinario por hora;2011T3;11,77
Construcción;Coste salarial ordinario por hora;2011T2;10,7
Construcción;Coste salarial ordinario por hora;2011T1;10,49
Construcción;Coste salarial ordinario por hora;2010T4;11,04
Construcción;Coste salarial ordinario por hora;2010T3;11,18
Construcción;Coste salarial ordinario por hora;2010T2;10,53
Construcción;Coste salarial ordinario por hora;2010T1;10,47
Construcción;Coste salarial ordinario por hora;2009T4;11,08
Construcción;Coste salarial ordinario por hora;2009T3;11,43
Construcción;Coste salarial ordinario por hora;2009T2;10,69
Construcción;Coste salarial ordinario por hora;2009T1;10,48
Construcción;Coste salarial ordinario por hora;2008T4;10,56
Construcción;Coste salarial ordinario por hora;2008T3;11,16
Construcción;Coste salarial ordinario por hora;2008T2;9,81
Construcción;Coste salarial ordinario por hora;2008T1;10
Construcción;Otros costes por hora;2024T4;6,59
Construcción;Otros costes por hora;2024T3;6,81
Construcción;Otros costes por hora;2024T2;6,19
Construcción;Otros costes por hora;2024T1;6,2
Construcción;Otros costes por hora;2023T4;6,39
Construcción;Otros costes por hora;2023T3;6,5
Construcción;Otros costes por hora;2023T2;5,94
Construcción;Otros costes por hora;2023T1;5,72
Construcción;Otros costes por hora;2022T4;5,92
Construcción;Otros costes por hora;2022T3;5,95
Construcción;Otros costes por hora;2022T2;5,53
Construcción;Otros costes por hora;2022T1;5,45
Construcción;Otros costes por hora;2021T4;5,69
Construcción;Otros costes por hora;2021T3;5,81
Construcción;Otros costes por hora;2021T2;5,5
Construcción;Otros costes por hora;2021T1;5,48
Construcción;Otros costes por hora;2020T4;5,61
Construcción;Otros costes por hora;2020T3;5,54
Construcción;Otros costes por hora;2020T2;5,7
Construcción;Otros costes por hora;2020T1;5,38
Construcción;Otros costes por hora;2019T4;5,51
Construcción;Otros costes por hora;2019T3;5,65
Construcción;Otros costes por hora;2019T2;5,27
Construcción;Otros costes por hora;2019T1;5,1
Construcción;Otros costes por hora;2018T4;5,4
Construcción;Otros costes por hora;2018T3;5,5
Construcción;Otros costes por hora;2018T2;5,03
Construcción;Otros costes por hora;2018T1;5,22
Construcción;Otros costes por hora;2017T4;5,38
Construcción;Otros costes por hora;2017T3;5,51
Construcción;Otros costes por hora;2017T2;5,23
Construcción;Otros costes por hora;2017T1;4,99
Construcción;Otros costes por hora;2016T4;5,41
Construcción;Otros costes por hora;2016T3;5,51
Construcción;Otros costes por hora;2016T2;5,1
Construcción;Otros costes por hora;2016T1;5,33
Construcción;Otros costes por hora;2015T4;5,4
Construcción;Otros costes por hora;2015T3;5,66
Construcción;Otros costes por hora;2015T2;5,45
Construcción;Otros costes por hora;2015T1;5,32
Construcción;Otros costes por hora;2014T4;5,54
Construcción;Otros costes por hora;2014T3;5,7
Construcción;Otros costes por hora;2014T2;5,47
Construcción;Otros costes por hora;2014T1;5,67
Construcción;Otros costes por hora;2013T4;5,84
Construcción;Otros costes por hora;2013T3;5,81
Construcción;Otros costes por hora;2013T2;5,58
Construcción;Otros costes por hora;2013T1;5,75
Construcción;Otros costes por hora;2012T4;5,84
Construcción;Otros costes por hora;2012T3;5,89
Construcción;Otros costes por hora;2012T2;5,62
Construcción;Otros costes por hora;2012T1;5,6
Construcción;Otros costes por hora;2011T4;5,84
Construcción;Otros costes por hora;2011T3;5,82
Construcción;Otros costes por hora;2011T2;5,33
Construcción;Otros costes por hora;2011T1;5,34
Construcción;Otros costes por hora;2010T4;5,47
Construcción;Otros costes por hora;2010T3;5,53
Construcción;Otros costes por hora;2010T2;5,18
Construcción;Otros costes por hora;2010T1;5,2
Construcción;Otros costes por hora;2009T4;5,46
Construcción;Otros costes por hora;2009T3;5,64
Construcción;Otros costes por hora;2009T2;5,33
Construcción;Otros costes por hora;2009T1;5,29
Construcción;Otros costes por hora;2008T4;5,29
Construcción;Otros costes por hora;2008T3;5,44
Construcción;Otros costes por hora;2008T2;4,74
Construcción;Otros costes por hora;2008T1;4,84
Servicios;Coste laboral total por hora;2024T4;25,43
Servicios;Coste laboral total por hora;2024T3;24,87
Servicios;Coste laboral total por hora;2024T2;23,54
Servicios;Coste laboral total por hora;2024T1;23,11
Servicios;Coste laboral total por hora;2023T4;24,76
Servicios;Coste laboral total por hora;2023T3;23,59
Servicios;Coste laboral total por hora;2023T2;23,09
Servicios;Coste laboral total por hora;2023T1;21,52
Servicios;Coste laboral total por hora;2022T4;23,37
Servicios;Coste laboral total por hora;2022T3;22,31
Servicios;Coste laboral total por hora;2022T2;21,6
Servicios;Coste laboral total por hora;2022T1;20,66
Servicios;Coste laboral total por hora;2021T4;22,54
Servicios;Coste laboral total por hora;2021T3;21,7
Servicios;Coste laboral total por hora;2021T2;21,6
Servicios;Coste laboral total por hora;2021T1;20,65
Servicios;Coste laboral total por hora;2020T4;22,48
Servicios;Coste laboral total por hora;2020T3;21,83
Servicios;Coste laboral total por hora;2020T2;22,73
Servicios;Coste laboral total por hora;2020T1;19,87
Servicios;Coste laboral total por hora;2019T4;21,24
Servicios;Coste laboral total por hora;2019T3;20,79
Servicios;Coste laboral total por hora;2019T2;20,17
Servicios;Coste laboral total por hora;2019T1;18,92
Servicios;Coste laboral total por hora;2018T4;20,77
Servicios;Coste laboral total por hora;2018T3;20,27
Servicios;Coste laboral total por hora;2018T2;19,01
Servicios;Coste laboral total por hora;2018T1;18,86
Servicios;Coste laboral total por hora;2017T4;20,66
Servicios;Coste laboral total por hora;2017T3;19,72
Servicios;Coste laboral total por hora;2017T2;19,34
Servicios;Coste laboral total por hora;2017T1;18,15
Servicios;Coste laboral total por hora;2016T4;20,39
Servicios;Coste laboral total por hora;2016T3;19,81
Servicios;Coste laboral total por hora;2016T2;18,67
Servicios;Coste laboral total por hora;2016T1;18,94
Servicios;Coste laboral total por hora;2015T4;20,28
Servicios;Coste laboral total por hora;2015T3;19,76
Servicios;Coste laboral total por hora;2015T2;19,39
Servicios;Coste laboral total por hora;2015T1;18,37
Servicios;Coste laboral total por hora;2014T4;19,84
Servicios;Coste laboral total por hora;2014T3;19,83
Servicios;Coste laboral total por hora;2014T2;19,26
Servicios;Coste laboral total por hora;2014T1;18,07
Servicios;Coste laboral total por hora;2013T4;20,12
Servicios;Coste laboral total por hora;2013T3;19,85
Servicios;Coste laboral total por hora;2013T2;18,61
Servicios;Coste laboral total por hora;2013T1;18,39
Servicios;Coste laboral total por hora;2012T4;19,63
Servicios;Coste laboral total por hora;2012T3;19,79
Servicios;Coste laboral total por hora;2012T2;19,16
Servicios;Coste laboral total por hora;2012T1;18,15
Servicios;Coste laboral total por hora;2011T4;20,33
Servicios;Coste laboral total por hora;2011T3;19,94
Servicios;Coste laboral total por hora;2011T2;19,23
Servicios;Coste laboral total por hora;2011T1;17,99
Servicios;Coste laboral total por hora;2010T4;19,88
Servicios;Coste laboral total por hora;2010T3;19,04
Servicios;Coste laboral total por hora;2010T2;18,98
Servicios;Coste laboral total por hora;2010T1;17,99
Servicios;Coste laboral total por hora;2009T4;19,72
Servicios;Coste laboral total por hora;2009T3;19,34
Servicios;Coste laboral total por hora;2009T2;18,79
Servicios;Coste laboral total por hora;2009T1;17,62
Servicios;Coste laboral total por hora;2008T4;18,81
Servicios;Coste laboral total por hora;2008T3;18,57
Servicios;Coste laboral total por hora;2008T2;17,24
Servicios;Coste laboral total por hora;2008T1;17,09
Servicios;Coste salarial total por hora;2024T4;19,16
Servicios;Coste salarial total por hora;2024T3;18,26
Servicios;Coste salarial total por hora;2024T2;17,61
Servicios;Coste salarial total por hora;2024T1;17,06
Servicios;Coste salarial total por hora;2023T4;18,64
Servicios;Coste salarial total por hora;2023T3;17,37
Servicios;Coste salarial total por hora;2023T2;17,28
Servicios;Coste salarial total por hora;2023T1;15,89
Servicios;Coste salarial total por hora;2022T4;17,78
Servicios;Coste salarial total por hora;2022T3;16,54
Servicios;Coste salarial total por hora;2022T2;16,26
Servicios;Coste salarial total por hora;2022T1;15,28
Servicios;Coste salarial total por hora;2021T4;17,08
Servicios;Coste salarial total por hora;2021T3;16,1
Servicios;Coste salarial total por hora;2021T2;16,22
Servicios;Coste salarial total por hora;2021T1;15,23
Servicios;Coste salarial total por hora;2020T4;16,91
Servicios;Coste salarial total por hora;2020T3;16,17
Servicios;Coste salarial total por hora;2020T2;16,87
Servicios;Coste salarial total por hora;2020T1;14,71
Servicios;Coste salarial total por hora;2019T4;16,06
Servicios;Coste salarial total por hora;2019T3;15,36
Servicios;Coste salarial total por hora;2019T2;15,15
Servicios;Coste salarial total por hora;2019T1;14
Servicios;Coste salarial total por hora;2018T4;15,8
Servicios;Coste salarial total por hora;2018T3;15,01
Servicios;Coste salarial total por hora;2018T2;14,32
Servicios;Coste salarial total por hora;2018T1;14,01
Servicios;Coste salarial total por hora;2017T4;15,7
Servicios;Coste salarial total por hora;2017T3;14,6
Servicios;Coste salarial total por hora;2017T2;14,61
Servicios;Coste salarial total por hora;2017T1;13,44
Servicios;Coste salarial total por hora;2016T4;15,54
Servicios;Coste salarial total por hora;2016T3;14,68
Servicios;Coste salarial total por hora;2016T2;14,07
Servicios;Coste salarial total por hora;2016T1;14,07
Servicios;Coste salarial total por hora;2015T4;15,44
Servicios;Coste salarial total por hora;2015T3;14,61
Servicios;Coste salarial total por hora;2015T2;14,59
Servicios;Coste salarial total por hora;2015T1;13,61
Servicios;Coste salarial total por hora;2014T4;15,05
Servicios;Coste salarial total por hora;2014T3;14,64
Servicios;Coste salarial total por hora;2014T2;14,47
Servicios;Coste salarial total por hora;2014T1;13,28
Servicios;Coste salarial total por hora;2013T4;15,2
Servicios;Coste salarial total por hora;2013T3;14,61
Servicios;Coste salarial total por hora;2013T2;13,99
Servicios;Coste salarial total por hora;2013T1;13,53
Servicios;Coste salarial total por hora;2012T4;14,78
Servicios;Coste salarial total por hora;2012T3;14,66
Servicios;Coste salarial total por hora;2012T2;14,45
Servicios;Coste salarial total por hora;2012T1;13,43
Servicios;Coste salarial total por hora;2011T4;15,39
Servicios;Coste salarial total por hora;2011T3;14,7
Servicios;Coste salarial total por hora;2011T2;14,43
Servicios;Coste salarial total por hora;2011T1;13,29
Servicios;Coste salarial total por hora;2010T4;15,11
Servicios;Coste salarial total por hora;2010T3;14,11
Servicios;Coste salarial total por hora;2010T2;14,34
Servicios;Coste salarial total por hora;2010T1;13,32
Servicios;Coste salarial total por hora;2009T4;14,98
Servicios;Coste salarial total por hora;2009T3;14,3
Servicios;Coste salarial total por hora;2009T2;14,14
Servicios;Coste salarial total por hora;2009T1;12,97
Servicios;Coste salarial total por hora;2008T4;14,29
Servicios;Coste salarial total por hora;2008T3;13,77
Servicios;Coste salarial total por hora;2008T2;12,94
Servicios;Coste salarial total por hora;2008T1;12,72
Servicios;Coste salarial ordinario por hora;2024T4;15,86
Servicios;Coste salarial ordinario por hora;2024T3;16,65
Servicios;Coste salarial ordinario por hora;2024T2;14,91
Servicios;Coste salarial ordinario por hora;2024T1;15,08
Servicios;Coste salarial ordinario por hora;2023T4;15,39
Servicios;Coste salarial ordinario por hora;2023T3;15,89
Servicios;Coste salarial ordinario por hora;2023T2;14,66
Servicios;Coste salarial ordinario por hora;2023T1;14,09
Servicios;Coste salarial ordinario por hora;2022T4;14,55
Servicios;Coste salarial ordinario por hora;2022T3;15,12
Servicios;Coste salarial ordinario por hora;2022T2;13,78
Servicios;Coste salarial ordinario por hora;2022T1;13,6
Servicios;Coste salarial ordinario por hora;2021T4;14,13
Servicios;Coste salarial ordinario por hora;2021T3;14,7
Servicios;Coste salarial ordinario por hora;2021T2;13,7
Servicios;Coste salarial ordinario por hora;2021T1;13,68
Servicios;Coste salarial ordinario por hora;2020T4;14
Servicios;Coste salarial ordinario por hora;2020T3;14,76
Servicios;Coste salarial ordinario por hora;2020T2;14,11
Servicios;Coste salarial ordinario por hora;2020T1;13,19
Servicios;Coste salarial ordinario por hora;2019T4;13,3
Servicios;Coste salarial ordinario por hora;2019T3;14,08
Servicios;Coste salarial ordinario por hora;2019T2;12,91
Servicios;Coste salarial ordinario por hora;2019T1;12,55
Servicios;Coste salarial ordinario por hora;2018T4;13,05
Servicios;Coste salarial ordinario por hora;2018T3;13,68
Servicios;Coste salarial ordinario por hora;2018T2;12,17
Servicios;Coste salarial ordinario por hora;2018T1;12,53
Servicios;Coste salarial ordinario por hora;2017T4;12,87
Servicios;Coste salarial ordinario por hora;2017T3;13,41
Servicios;Coste salarial ordinario por hora;2017T2;12,33
Servicios;Coste salarial ordinario por hora;2017T1;12,04
Servicios;Coste salarial ordinario por hora;2016T4;12,77
Servicios;Coste salarial ordinario por hora;2016T3;13,47
Servicios;Coste salarial ordinario por hora;2016T2;11,88
Servicios;Coste salarial ordinario por hora;2016T1;12,56
Servicios;Coste salarial ordinario por hora;2015T4;12,61
Servicios;Coste salarial ordinario por hora;2015T3;13,38
Servicios;Coste salarial ordinario por hora;2015T2;12,37
Servicios;Coste salarial ordinario por hora;2015T1;12,18
Servicios;Coste salarial ordinario por hora;2014T4;12,44
Servicios;Coste salarial ordinario por hora;2014T3;13,45
Servicios;Coste salarial ordinario por hora;2014T2;12,35
Servicios;Coste salarial ordinario por hora;2014T1;12,04
Servicios;Coste salarial ordinario por hora;2013T4;12,55
Servicios;Coste salarial ordinario por hora;2013T3;13,42
Servicios;Coste salarial ordinario por hora;2013T2;11,95
Servicios;Coste salarial ordinario por hora;2013T1;12,24
Servicios;Coste salarial ordinario por hora;2012T4;12,65
Servicios;Coste salarial ordinario por hora;2012T3;13,44
Servicios;Coste salarial ordinario por hora;2012T2;12,28
Servicios;Coste salarial ordinario por hora;2012T1;11,96
Servicios;Coste salarial ordinario por hora;2011T4;12,58
Servicios;Coste salarial ordinario por hora;2011T3;13,47
Servicios;Coste salarial ordinario por hora;2011T2;12,16
Servicios;Coste salarial ordinario por hora;2011T1;11,83
Servicios;Coste salarial ordinario por hora;2010T4;12,31
Servicios;Coste salarial ordinario por hora;2010T3;12,91
Servicios;Coste salarial ordinario por hora;2010T2;12,02
Servicios;Coste salarial ordinario por hora;2010T1;11,94
Servicios;Coste salarial ordinario por hora;2009T4;12,2
Servicios;Coste salarial ordinario por hora;2009T3;13,1
Servicios;Coste salarial ordinario por hora;2009T2;12,01
Servicios;Coste salarial ordinario por hora;2009T1;11,69
Servicios;Coste salarial ordinario por hora;2008T4;11,68
Servicios;Coste salarial ordinario por hora;2008T3;12,62
Servicios;Coste salarial ordinario por hora;2008T2;11,05
Servicios;Coste salarial ordinario por hora;2008T1;11,33
Servicios;Otros costes por hora;2024T4;6,27
Servicios;Otros costes por hora;2024T3;6,61
Servicios;Otros costes por hora;2024T2;5,93
Servicios;Otros costes por hora;2024T1;6,05
Servicios;Otros costes por hora;2023T4;6,12
Servicios;Otros costes por hora;2023T3;6,22
Servicios;Otros costes por hora;2023T2;5,81
Servicios;Otros costes por hora;2023T1;5,63
Servicios;Otros costes por hora;2022T4;5,59
Servicios;Otros costes por hora;2022T3;5,77
Servicios;Otros costes por hora;2022T2;5,34
Servicios;Otros costes por hora;2022T1;5,38
Servicios;Otros costes por hora;2021T4;5,46
Servicios;Otros costes por hora;2021T3;5,6
Servicios;Otros costes por hora;2021T2;5,38
Servicios;Otros costes por hora;2021T1;5,42
Servicios;Otros costes por hora;2020T4;5,57
Servicios;Otros costes por hora;2020T3;5,66
Servicios;Otros costes por hora;2020T2;5,86
Servicios;Otros costes por hora;2020T1;5,16
Servicios;Otros costes por hora;2019T4;5,18
Servicios;Otros costes por hora;2019T3;5,43
Servicios;Otros costes por hora;2019T2;5,02
Servicios;Otros costes por hora;2019T1;4,92
Servicios;Otros costes por hora;2018T4;4,97
Servicios;Otros costes por hora;2018T3;5,26
Servicios;Otros costes por hora;2018T2;4,69
Servicios;Otros costes por hora;2018T1;4,85
Servicios;Otros costes por hora;2017T4;4,96
Servicios;Otros costes por hora;2017T3;5,12
Servicios;Otros costes por hora;2017T2;4,73
Servicios;Otros costes por hora;2017T1;4,71
Servicios;Otros costes por hora;2016T4;4,85
Servicios;Otros costes por hora;2016T3;5,13
Servicios;Otros costes por hora;2016T2;4,6
Servicios;Otros costes por hora;2016T1;4,87
Servicios;Otros costes por hora;2015T4;4,84
Servicios;Otros costes por hora;2015T3;5,15
Servicios;Otros costes por hora;2015T2;4,8
Servicios;Otros costes por hora;2015T1;4,76
Servicios;Otros costes por hora;2014T4;4,79
Servicios;Otros costes por hora;2014T3;5,19
Servicios;Otros costes por hora;2014T2;4,79
Servicios;Otros costes por hora;2014T1;4,79
Servicios;Otros costes por hora;2013T4;4,92
Servicios;Otros costes por hora;2013T3;5,24
Servicios;Otros costes por hora;2013T2;4,62
Servicios;Otros costes por hora;2013T1;4,86
Servicios;Otros costes por hora;2012T4;4,85
Servicios;Otros costes por hora;2012T3;5,13
Servicios;Otros costes por hora;2012T2;4,71
Servicios;Otros costes por hora;2012T1;4,72
Servicios;Otros costes por hora;2011T4;4,94
Servicios;Otros costes por hora;2011T3;5,24
Servicios;Otros costes por hora;2011T2;4,8
Servicios;Otros costes por hora;2011T1;4,7
Servicios;Otros costes por hora;2010T4;4,77
Servicios;Otros costes por hora;2010T3;4,93
Servicios;Otros costes por hora;2010T2;4,64
Servicios;Otros costes por hora;2010T1;4,67
Servicios;Otros costes por hora;2009T4;4,74
Servicios;Otros costes por hora;2009T3;5,04
Servicios;Otros costes por hora;2009T2;4,65
Servicios;Otros costes por hora;2009T1;4,65
Servicios;Otros costes por hora;2008T4;4,52
Servicios;Otros costes por hora;2008T3;4,8
Servicios;Otros costes por hora;2008T2;4,3
Servicios;Otros costes por hora;2008T1;4,37
